{"cameraMode":{"drawMode":0,"name":"Shaded","section":"Shading Mode"},"sceneLighting":true,"audioPlay":false,"sceneViewState":{"m_AlwaysRefresh":false,"showFog":true,"showSkybox":false,"showFlares":true,"showImageEffects":true,"showParticleSystems":true,"showVisualEffectGraphs":true,"m_FxEnabled":true},"in2DMode":false,"pivot":{"x":-0.11182238906621933,"y":-0.0006788335740566254,"z":0.3556872010231018},"rotation":{"x":-0.03453781083226204,"y":0.124705471098423,"z":-0.004303216002881527,"w":-0.99164879322052},"size":0.2424871176481247,"orthographic":false}