{"cameraMode":{"drawMode":0,"name":"Shaded","section":"Shading Mode"},"sceneLighting":true,"audioPlay":false,"sceneViewState":{"m_AlwaysRefresh":false,"showFog":true,"showSkybox":false,"showFlares":true,"showImageEffects":true,"showParticleSystems":true,"showVisualEffectGraphs":true,"m_FxEnabled":true},"in2DMode":false,"pivot":{"x":-0.09429137408733368,"y":0.011126141995191574,"z":-0.02666567452251911},"rotation":{"x":0.026096954941749574,"y":0.9129258394241333,"z":-0.059278085827827457,"w":0.40310338139533999},"size":0.04200795665383339,"orthographic":false}