{"cameraMode":{"drawMode":0,"name":"Shaded","section":"Shading Mode"},"sceneLighting":true,"audioPlay":false,"sceneViewState":{"m_AlwaysRefresh":false,"showFog":true,"showSkybox":true,"showFlares":true,"showImageEffects":true,"showParticleSystems":true,"showVisualEffectGraphs":true,"m_FxEnabled":true},"in2DMode":false,"pivot":{"x":-0.4921920597553253,"y":1.5938067436218262,"z":1.292153239250183},"rotation":{"x":-0.13170357048511506,"y":0.05855070427060127,"z":-0.007800305727869272,"w":-0.9896001815795898},"size":1.8943538665771485,"orthographic":false}