{"cameraMode":{"drawMode":0,"name":"Shaded","section":"Shading Mode"},"sceneLighting":true,"audioPlay":false,"sceneViewState":{"m_AlwaysRefresh":false,"showFog":true,"showSkybox":true,"showFlares":true,"showImageEffects":true,"showParticleSystems":true,"showVisualEffectGraphs":true,"m_FxEnabled":true},"in2DMode":false,"pivot":{"x":16.932666778564454,"y":0.9474928975105286,"z":9.280933380126954},"rotation":{"x":0.0010653401259332896,"y":0.4368674159049988,"z":0.0005300265038385987,"w":-0.8995652794837952},"size":7.8902201652526859,"orthographic":false}