{"cameraMode":{"drawMode":0,"name":"Shaded","section":"Shading Mode"},"sceneLighting":false,"audioPlay":false,"sceneViewState":{"m_AlwaysRefresh":false,"showFog":true,"showSkybox":false,"showFlares":true,"showImageEffects":true,"showParticleSystems":true,"showVisualEffectGraphs":true,"m_FxEnabled":true},"in2DMode":false,"pivot":{"x":1.4669277667999268,"y":2.911787986755371,"z":-0.8189771175384522},"rotation":{"x":-0.2334180772304535,"y":0.5363775491714478,"z":-0.15729665756225587,"w":-0.7957339882850647},"size":0.001017326838336885,"orthographic":false}