{"cameraMode":{"drawMode":0,"name":"Shaded","section":"Shading Mode"},"sceneLighting":false,"audioPlay":false,"sceneViewState":{"m_AlwaysRefresh":false,"showFog":true,"showSkybox":false,"showFlares":true,"showImageEffects":true,"showParticleSystems":true,"showVisualEffectGraphs":true,"m_FxEnabled":true},"in2DMode":false,"pivot":{"x":-0.9686123728752136,"y":0.6151240468025208,"z":-0.5133213400840759},"rotation":{"x":0.0012626685202121735,"y":0.9987324476242065,"z":0.035662710666656497,"w":-0.03717099130153656},"size":0.8990602493286133,"orthographic":false}