{"cameraMode":{"drawMode":0,"name":"Shaded","section":"Shading Mode"},"sceneLighting":true,"audioPlay":false,"sceneViewState":{"m_AlwaysRefresh":false,"showFog":true,"showSkybox":false,"showFlares":true,"showImageEffects":true,"showParticleSystems":true,"showVisualEffectGraphs":true,"m_FxEnabled":true},"in2DMode":false,"pivot":{"x":0.3123841881752014,"y":0.17069479823112489,"z":0.44784295558929446},"rotation":{"x":-0.04723891615867615,"y":0.6207553148269653,"z":-0.03744048997759819,"w":-0.7817615866661072},"size":1.2121245861053467,"orthographic":false}